{"cameraMode":{"drawMode":0,"name":"Shaded","section":"Shading Mode"},"sceneLighting":true,"audioPlay":false,"sceneViewState":{"showFog":true,"showMaterialUpdate":false,"showSkybox":true,"showFlares":true,"showImageEffects":true,"showParticleSystems":true},"in2DMode":false,"pivot":{"x":0.12983252108097077,"y":-0.0853705108165741,"z":1.541198968887329},"rotation":{"x":-0.12733662128448487,"y":-0.04402630031108856,"z":0.005657852161675692,"w":-0.9908658862113953},"size":1.2233633995056153,"orthographic":false}